Gene	Uniprot
AADAT	Q8N5Z0
AAK1	Q2M2I8
ABCA12	Q86UK0
ABCA7	Q8IZY2
ABCB1	P08183
ABCB11	O95342
ABCB4	P21439
ABCB6	Q9NP58
ABCC1	P33527
ABCC3	O15438
ABCC4	O15439
ABCC5	O15440
ABCC6	O95255
ABCG2	Q9UNQ0
ABHD3	Q8WU67
ABI1	Q8IZP0
ABITRAM	Q9NX38
ABLIM3	O94929
ACIN1	Q9UKV3
ACKR3	P25106
ACOT9	Q9Y305
ACTN1	P12814
ACTR10	Q9NZ32
ACTR6	Q9GZN1
ADA	P00813
ADAM10	O14672
ADAM12	O43184
ADAM28	Q9UKQ2
ADAM33	Q9BZ11
ADAMTS1	Q9UHI8
ADAMTS2	O95450
ADAMTSL4	Q6UY14
ADAP1	O75689
ADCK5	Q3MIX3
ADCY7	P51828
ADCY9	O60503
ADD1	P35611
ADD2	P35612
ADD3	Q9UEY8
ADGRA2	Q96PE1
ADGRB2	O60241
ADGRD1	Q6QNK2
ADGRG2	Q8IZP9
ADGRG7	Q96K78
ADGRL2	O95490
ADH1A	P07327
ADH1B	P00325
ADH1C	P00326
ADH7	P40394
ADK	P55263
ADORA1	P30542
ADPRHL1	Q8NDY3
ADRA1B	P35368
ADRM1	Q16186
ADSS2	P30520
AFAP1L2	Q8N4X5
AFDN	P55196
AFM	P43652
AGER	Q15109
AGRN	O00468
AHNAK	Q09666
AHNAK2	Q8IVF2
AIFM2	Q9BRQ8
AJM1	C9J069
AKAP10	O43572
AKAP11	Q9UKA4
AKAP12	Q02952
AKR1B10	O60218
AKR1B15	C9JRZ8
ALDH3A1	P30838
ALK	Q9UM73
ALOX15B	O15296
ALOXE3	Q9BYJ1
ALPG	P10696
ALPI	P09923
ALPP	P05187
AMACR	Q9UHK6
AMDHD1	Q96NU7
AMER1	Q5JTC6
AMER2	Q8N7J2
AMIGO2	Q86SJ2
AMPH	P49418
ANK2	Q01484
ANK3	Q12955
ANKEF1	Q9NU02
ANKFN1	Q8N957
ANKIB1	Q9P2G1
ANKLE2	Q86XL3
ANKRA2	Q9H9E1
ANKRD13A	Q8IZ07
ANKRD30BL	A7E2S9
ANKRD35	Q8N283
ANKRD42	Q8N9B4
ANKRD45	Q5TZF3
ANKS1B	Q7Z6G8
ANO1	Q5XXA6
ANO10	Q9NW15
ANO2	Q9NQ90
ANO6	Q4KMQ2
ANPEP	P15144
ANXA1	P04083
ANXA13	P27216
ANXA2	P07355
ANXA3	P12429
AP2M1	Q96CW1
APBB1	O00213
APBB1IP	Q7Z5R6
APC	P25054
APLP1	P51693
APMAP	Q9HDC9
APOD	P05090
APOLD1	Q96LR9
APPL1	Q9UKG1
AQP1	P29972
AQP10	Q96PS8
AQP11	Q8NBQ7
AQP3	Q92482
AQP4	P55087
AQP5	P55064
ARAF	P10398
ARAP1	Q96P48
ARF1	P84077
ARHGAP15	Q53QZ3
ARHGAP17	Q68EM7
ARHGAP18	Q8N392
ARHGAP19	Q14CB8
ARHGAP21	Q5T5U3
ARHGAP22	Q7Z5H3
ARHGAP23	Q9P227
ARHGAP24	Q8N264
ARHGAP29	Q52LW3
ARHGAP33	O14559
ARHGAP36	Q6ZRI8
ARHGAP40	Q5TG30
ARHGAP45	Q92619
ARHGAP9	Q9BRR9
ARHGDIG	Q99819
ARHGEF1	Q92888
ARHGEF11	O15085
ARHGEF12	Q9NZN5
ARHGEF15	O94989
ARHGEF18	Q6ZSZ5
ARHGEF26	Q96DR7
ARHGEF28	Q8N1W1
ARHGEF40	Q8TER5
ARHGEF5	Q12774
ARHGEF6	Q15052
ARID5B	Q14865
ARL13A	Q5H913
ARL15	Q9NXU5
ARL4C	P56559
ARL9	Q6T311
ARMC12	Q5T9G4
ARMCX5	Q6P1M9
ARMH4	Q86TY3
ARPC5	O15511
ARRB2	P32121
ARRDC4	Q8NCT1
ARVCF	O00192
ASAP1	Q9ULH1
ASAP2	O43150
ASB5	Q8WWX0
ASGR2	P07307
ASH2L	Q9UBL3
ASIC1	P78348
ASPM	Q8IZT6
ASPSCR1	Q9BZE9
ATG13	O75143
ATG3	Q9NT62
ATG7	O95352
ATIC	P31939
ATOX1	O00244
ATP10D	Q9P241
ATP12A	P54707
ATP13A3	Q9H7F0
ATP13A5	Q4VNC0
ATP1B3	P54709
ATP23	Q9Y6H3
ATP2B1	P20020
ATP2B4	P23634
ATP2C2	O75185
ATP4B	P51164
ATP6V0A2	Q9Y487
ATP6V1D	Q9Y5K8
ATP6V1H	Q9UI12
ATP8A2	Q9NTI2
ATP8B1	O43520
ATP8B2	P98198
ATXN10	Q9UBB4
ATXN3	P54252
ATXN7L3	Q14CW9
AVEN	Q9NQS1
AVPI1	Q5T686
AXIN2	Q9Y2T1
AXL	P30530
B2M	P61769
B3GALT2	O43825
BACE1	P56817
BAIAP2	Q9UQB8
BAIAP2L1	Q9UHR4
BANK1	Q8NDB2
BASP1	P80723
BBOF1	Q8ND07
BCAR1	P56945
BCAR3	O75815
BCL2L12	Q9HB09
BCL6B	Q8N143
BCORL1	Q5H9F3
BCR	P11274
BDKRB2	P30411
BEND6	Q5SZJ8
BFSP1	Q12934
BFSP2	Q13515
BICD2	Q8TD16
BIN2	Q9UBW5
BLNK	Q8WV28
BLVRB	P30043
BMPR2	Q13873
BMX	P51813
BOC	Q9BWV1
BORCS5	Q969J3
BRPF1	P55201
BSDC1	Q9NW68
BTBD18	B2RXH4
BTK	Q06187
BTN2A1	Q7KYR7
BTRC	Q9Y297
BVES	Q8NE79
BZW2	Q9Y6E2
C10orf90	Q96M02
C11orf42	Q8N5U0
C12orf60	Q5U649
C12orf73	Q69YU5
C14orf93	Q9H972
C16orf74	Q96GX8
C17orf58	Q2M2W7
C18orf21	Q32NC0
C19orf33	Q9GZP8
C19orf38	A8MVS5
C1orf116	Q9BW04
C1orf35	Q9BU76
C1orf54	Q8WWF1
C1orf68	Q5T750
C1orf74	Q96LT6
C1QBP	Q07021
C20orf141	Q9NUB4
C20orf173	Q96LM9
C2CD2L	O14523
C2orf72	A6NCS6
C2orf73	Q8N5S3
C3orf14	Q9HBI5
C3orf20	Q8ND61
C3orf38	Q5JPI3
C8orf33	Q9H7E9
C9orf153	Q5TBE3
CA14	Q9ULX7
CA9	Q16790
CACNA1E	Q15878
CACNA1I	Q9P0X4
CALCRL	Q16602
CALD1	Q05682
CALHM4	Q5JW98
CALML5	Q9NZT1
CALN1	Q9BXU9
CAMK2A	Q9UQM7
CAMK2B	Q13554
CAMK2D	Q13557
CAMK2G	Q13555
CAP2	P40123
CAPS	Q13938
CASKIN2	Q8WXE0
CASP4	P49662
CAST	P20810
CAV3	P56539
CAVIN1	Q6NZI2
CAVIN2	O95810
CAVIN3	Q969G5
CAVIN4	Q5BKX8
CBY2	Q8NA61
CC2D1A	Q6P1N0
CCBE1	Q6UXH8
CCDC107	Q8WV48
CCDC112	Q8NEF3
CCDC115	Q96NT0
CCDC124	Q96CT7
CCDC136	Q96JN2
CCDC15	Q0P6D6
CCDC154	A6NI56
CCDC24	Q8N4L8
CCDC28A	
CCDC59	Q9P031
CCDC62	Q6P9F0
CCDC69	A6NI79
CCDC8	Q9H0W5
CCDC93	Q567U6
CCDC97	Q96F63
CCKAR	P32238
CCKBR	P32239
CCN5	O76076
CCNT2	O60583
CCNYL1	Q8N7R7
CCR2	P41597
CCR3	P51677
CCR4	P51679
CCR9	P51686
CCT3	P49368
CD109	Q6YHK3
CD163	Q86VB7
CD164L2	Q6UWJ8
CD180	Q99467
CD2	P06729
CD200R1	Q8TD46
CD226	Q15762
CD248	Q9HCU0
CD274	Q9NZQ7
CD2AP	Q9Y5K6
CD300A	Q9UGN4
CD300LB	A8K4G0
CD33	P20138
CD34	P28906
CD37	P11049
CD38	P28907
CD3E	P07766
CD3G	P09693
CD4	P01730
CD40LG	P29965
CD44	P16070
CD46	P15529
CD47	Q08722
CD48	P09326
CD79B	P40259
CD81	P60033
CD83	Q01151
CD84	Q9UIB8
CD86	P42081
CD8A	P01732
CD8B	P10966
CD9	P21926
CD93	Q9NPY3
CD99L2	Q8TCZ2
CDAN1	Q8IWY9
CDC42BPA	Q5VT25
CDC42EP1	Q00587
CDC42EP3	Q9UKI2
CDC42EP4	Q9H3Q1
CDCA4	Q9BXL8
CDH1	P12830
CDH13	P55290
CDH15	P55291
CDH2	P19022
CDH26	Q8IXH8
CDH3	P22223
CDH4	P55283
CDH5	P33151
CDH6	P55285
CDH8	P55286
CDIPT	O14735
CDK16	Q00536
CDK5	Q00535
CDK7	P50613
CDRT15	Q96T59
CDV3	Q9UKY7
CEACAM5	P06731
CEACAM7	Q14002
CEBPE	Q15744
CELSR1	Q9NYQ6
CEMIP2	Q9UHN6
CEP295	Q9C0D2
CEP55	Q53EZ4
CEP57L1	Q8IYX8
CEP63	Q96MT8
CFAP141	Q5VU69
CFAP157	Q5JU67
CFAP251	Q8TBY9
CFAP299	Q6V702
CFAP418	Q96NL8
CFAP58	Q5T655
CFAP65	Q6ZU64
CFAP97D1	B2RV13
CFL1	P23528
CFL2	Q9Y281
CFLAR	O15519
CGN	Q9P2M7
CHIC2	Q9UKJ5
CHMP2A	O43633
CHRM3	P20309
CHRNA1	P02708
CHRNA2	Q15822
CHRNA3	P32297
CHRNA5	P30532
CHRND	Q07001
CIAO3	Q9H6Q4
CIB1	Q99828
CIB3	Q96Q77
CIP2A	Q8TCG1
CKAP5	Q14008
CLCA2	Q9UQC9
CLCA4	Q14CN2
CLCN5	P51795
CLCN6	P51797
CLDN19	Q8N6F1
CLDN20	P56880
CLDN23	Q96B33
CLDN4	O14493
CLEC2A	Q6UVW9
CLEC4F	Q8N1N0
CLEC5A	Q9NY25
CLIC2	O15247
CLIC4	Q9Y696
CLIC5	Q9NZA1
CLTB	P09497
CLUL1	Q15846
CLXN	Q9HAE3
CMKLR2	P46091
CMTM4	Q8IZR5
CMTM7	Q96FZ5
CMYA5	Q8N3K9
CNGA1	P29973
CNGA4	Q8IV77
CNGB1	Q14028
CNKSR2	Q8WXI2
CNNM1	Q9NRU3
CNNM4	Q6P4Q7
CNP	P09543
CNR1	P21554
COBL	O75128
COG3	Q96JB2
COL17A1	Q9UMD9
COL4A5	P29400
COL5A3	P25940
COL6A2	P12110
COLQ	Q9Y215
COMMD4	Q9H0A8
COMTD1	Q86VU5
COPRS	Q9NQ92
COQ7	Q99807
CORIN	Q9Y5Q5
CORO1B	Q9BR76
CORO2A	Q92828
CORO2B	Q9UQ03
COX6B2	Q6YFQ2
CPA4	Q9UI42
CPEB3	Q8NE35
CPNE9	Q8IYJ1
CPPED1	Q9BRF8
CPZ	Q66K79
CRCP	O75575
CREB5	Q02930
CRHR2	Q13324
CRIP1	P50238
CRIP2	P52943
CRK	P46108
CRLF2	Q9HC73
CRLF3	Q8IUI8
CROCC	Q5TZA2
CRTC1	Q6UUV9
CRYAB	P02511
CRYBG3	Q68DQ2
CRYL1	Q9Y2S2
CSAD	Q9Y600
CSDE1	O75534
CSF1	P09603
CSF1R	P07333
CSMD3	Q7Z407
CSPG4	Q6UVK1
CST6	Q15828
CTNNA1	P35221
CTNNB1	P35222
CTNND1	O60716
CTSF	Q9UBX1
CTSV	O60911
CTTN	Q14247
CTXN1	P60606
CUEDC1	Q9NWM3
CUTA	O60888
CWH43	Q9H720
CX3CL1	P78423
CX3CR1	P49238
CXADR	P78310
CXCR2	P25025
CYB5D2	Q8WUJ1
CYBC1	Q9BQA9
CYBRD1	Q53TN4
CYFIP2	Q96F07
CYP20A1	Q6UW02
CYP2C18	P33260
CYP2C8	P10632
CYP2C9	P11712
CYTH2	Q99418
CYTH4	Q9UIA0
DAAM1	Q9Y4D1
DAB2	P98082
DAG1	Q14118
DAGLB	Q8NCG7
DAW1	Q8N136
DBN1	Q16643
DBNL	Q9UJU6
DCAF16	Q9NXF7
DCBLD2	Q96PD2
DCHS1	Q96JQ0
DCHS2	Q6V1P9
DCT	P40126
DCTN6	O00399
DCUN1D2	Q6PH85
DDAH1	O94760
DDIAS	Q8IXT1
DDIT4L	Q96D03
DDR2	Q16832
DDX4	Q9NQI0
DDX60L	Q5H9U9
DENND6B	Q8NEG7
DFFA	O00273
DGKG	P49619
DGKH	Q86XP1
DHDDS	Q86SQ9
DHRS7B	Q6IAN0
DIAPH1	O60610
DIAPH3	Q9NSV4
DIO2	Q92813
DIRAS1	O95057
DIS3L	Q8TF46
DLG1	Q12959
DLG2	Q15700
DLGAP3	O95886
DLL1	O00548
DLL3	Q9NYJ7
DMWD	Q09019
DNAAF1	Q8NEP3
DNAAF4	Q8WXU2
DNAH17	Q9UFH2
DNAH6	Q9C0G6
DNAJA4	Q8WW22
DNAJB13	P59910
DNAJB4	Q9UDY4
DNAJC5	Q9H3Z4
DNAJC6	O75061
DNAJC9	Q8WXX5
DOCK4	Q8N1I0
DOCK8	Q8NF50
DOK3	Q7L591
DPYSL2	Q16555
DRD1	P21728
DRD4	P21917
DRP2	Q13474
DSC2	Q02487
DSC3	Q14574
DSEL	Q8IZU8
DSTN	P60981
DUS1L	Q6P1R4
DUSP15	Q9H1R2
DXO	O77932
DYNC2I1	Q8WVS4
DYSF	O75923
ECSCR	Q19T08
EDIL3	O43854
EDNRA	P25101
EDNRB	P24530
EEF1AKMT1	Q8WVE0
EEF2	P13639
EFCAB2	Q5VUJ9
EFHC2	Q5JST6
EFNB1	P98172
EFR3A	Q14156
EFR3B	Q9Y2G0
EGFR	P00533
EHBP1	Q8NDI1
EHBP1L1	Q8N3D4
EHD1	Q9H4M9
EHD2	Q9NZN4
EHD3	Q9NZN3
EHD4	Q9H223
EIF2B2	P49770
EIF5A	P63241
EIF5AL1	Q6IS14
EIF5B	O60841
ELAPOR1	Q6UXG2
ELMO3	Q96BJ8
ELN	P15502
EMP3	P54852
ENAH	Q8N8S7
ENC1	O14682
ENG	P17813
ENKD1	Q9H0I2
ENO1	P06733
ENO2	P09104
ENO3	P13929
ENOX1	Q8TC92
ENOX2	Q16206
ENSG00000241690	
ENSG00000249967	
ENSG00000250424	
ENSG00000251537	
ENSG00000256500	
ENSG00000258472	
ENSG00000264668	
ENSG00000265118	
ENSG00000268465	
ENSG00000285130	
ENSG00000285526	
ENSG00000285947	
ENSG00000288520	G9CGD6
ENSG00000288684	
ENSG00000290147	P43080
EPB41	P11171
EPB41L1	Q9H4G0
EPB41L2	O43491
EPB41L3	Q9Y2J2
EPB41L4A	Q9HCS5
EPB41L4B	Q9H329
EPB41L5	Q9HCM4
EPCAM	P16422
EPHA2	P29317
EPHA3	P29320
EPHB1	P54762
EPHB2	P29323
EPN1	Q9Y6I3
EPOR	P19235
EPS8	Q12929
EQTN	Q9NQ60
ERAP1	Q9NZ08
ERBB2	P04626
ERBB3	P21860
ERBIN	Q96RT1
ERC1	Q8IUD2
ERCC4	Q92889
ERMN	Q8TAM6
ERVFRD-1	P60508
ESYT2	A0FGR8
ETNK1	Q9HBU6
ETS2	P15036
EVA1A	Q9H8M9
EVA1B	Q9NVM1
EVI2A	P22794
EVI2B	P34910
EXOC1	Q9NV70
EXOC3L1	Q86VI1
EXOC7	Q9UPT5
EZR	P15311
F2RL1	P55085
F2RL3	Q96RI0
FABP2	P12104
FABP3	P05413
FABP5	Q01469
FADS2	O95864
FAIM	Q9NVQ4
FAM161B	Q96MY7
FAM163B	P0C2L3
FAM171A1	Q5VUB5
FAM186A	A6NE01
FAM193A	P78312
FAM205A	Q6ZU69
FAM209A	Q5JX71
FAM210B	Q96KR6
FAM47E	Q6ZV65
FAM47E-STBD1	
FAM53A	Q6NSI3
FAM72A	Q5TYM5
FAM72B	Q86X60
FAM72C	H0Y354
FAM72D	Q6L9T8
FANCG	O15287
FAS	P25445
FASN	P49327
FBLN2	P98095
FBLN5	Q9UBX5
FBLN7	Q53RD9
FBN1	P35555
FBP2	O00757
FBRSL1	Q9HCM7
FBXL2	Q9UKC9
FBXO16	Q8IX29
FBXO38	Q6PIJ6
FBXO41	Q8TF61
FBXW11	Q9UKB1
FCAR	P24071
FCGBP	
FCGR1A	P12314
FCGR2A	P12318
FCGR2C	
FCHSD2	O94868
FCMR	O60667
FFAR1	O14842
FFAR4	Q5NUL3
FGD1	P98174
FGD5	Q6ZNL6
FGR	P09769
FHIT	P49789
FHL1	Q13642
FILIP1	Q7Z7B0
FILIP1L	Q4L180
FKBP2	P26885
FLACC1	Q96Q35
FLAD1	Q8NFF5
FLCN	Q8NFG4
FLNA	P21333
FLNB	O75369
FLNC	Q14315
FLOT1	O75955
FLOT2	Q14254
FLRT3	Q9NZU0
FLT1	P17948
FLT4	P35916
FMN2	Q9NZ56
FMNL2	Q96PY5
FMNL3	Q8IVF7
FNBP1	Q96RU3
FOXN3	O00409
FRMD3	A2A2Y4
FRMD7	Q6ZUT3
FRMD8	Q9BZ67
FRS2	Q8WU20
FSCN1	Q16658
FSD1L	Q9BXM9
FTCD	O95954
FTO	Q9C0B1
FUT2	Q10981
FXYD3	Q14802
FYB1	O15117
FYN	P06241
FZD1	Q9UP38
FZD4	Q9ULV1
FZD6	O60353
GAB1	Q13480
GAB2	Q9UQC2
GABRA1	P14867
GABRA2	P47869
GABRA3	P34903
GABRA5	P31644
GABRG1	Q8N1C3
GABRG3	Q99928
GAD1	Q99259
GADL1	Q6ZQY3
GAGE1	P0DTW1
GAGE10	A6NGK3
GAGE12C	A1L429
GAGE12D	A1L429
GAGE12E	A1L429
GAGE12F	"P0CL80, O76087, P0CL82"
GAGE12G	"P0CL81, O76087, P0CL82"
GAGE12H	A6NDE8
GAGE12J	A6NER3
GAGE13	Q4V321
GAGE2A	Q6NT46
GAGE2E	Q4V326
GALNT10	Q86SR1
GALNT12	Q8IXK2
GALR1	P47211
GAP43	P17677
GAPDH	P04406
GAPT	Q8N292
GAPVD1	Q14C86
GAS2	O43903
GAS2L1	Q99501
GAS7	O60861
GAS8	O95995
GBP4	Q96PP9
GCA	P28676
GCC1	Q96CN9
GCLM	P48507
GDE1	Q9NZC3
GDI1	P31150
GDI2	P50395
GFI1B	Q5VTD9
GFOD1	Q9NXC2
GFRA2	O00451
GFRA3	O60609
GFRAL	Q6UXV0
GGTA1	Q4G0N0
GHR	P10912
GINM1	Q9NU53
GIPC1	O14908
GJB7	Q6PEY0
GJC1	P36383
GJC2	Q5T442
GLDN	Q6ZMI3
GLO1	Q04760
GLP2R	O95838
GLRA1	P23415
GLRA2	P23416
GLRA3	O75311
GLRX	P35754
GLUL	P15104
GMIP	Q9P107
GNAI2	P04899
GNAQ	P50148
GNAS	"O95467, P63092, Q5JWF2"
GNB1	P62873
GNB2	P62879
GNB3	P16520
GNB4	Q9HAV0
GNG2	P59768
GP6	Q9HCN6
GP9	P14770
GPATCH1	Q9BRR8
GPBP1	Q86WP2
GPBP1L1	Q9HC44
GPC1	P35052
GPC3	P51654
GPC4	O75487
GPI	P06744
GPR142	Q7Z601
GPR148	Q8TDV2
GPR156	Q8NFN8
GPR157	Q5UAW9
GPR160	Q9UJ42
GPR173	Q9NS66
GPR174	Q9BXC1
GPR20	Q99678
GPR27	Q9NS67
GPR37L1	O60883
GPR50	Q13585
GPR63	Q9BZJ6
GPRC5A	Q8NFJ5
GPRIN1	Q7Z2K8
GPRIN2	O60269
GPX8	Q8TED1
GRAMD1A	Q96CP6
GRAMD1B	Q3KR37
GRAMD1C	Q8IYS0
GRAP2	O75791
GRB7	Q14451
GRID2IP	A4D2P6
GRIK1	P39086
GRIK5	Q16478
GRK3	P35626
GRK4	P32298
GRK5	P34947
GRPR	P30550
GSDMA	Q96QA5
GTSE1	Q9NYZ3
GUCA1A	P43080
GUK1	Q16774
GYPA	P02724
GYPC	P04921
HAPLN3	Q96S86
HARBI1	Q96MB7
HAS1	Q92839
HAUS7	Q99871
HCFC2	Q9Y5Z7
HCK	P08631
HCLS1	P14317
HCST	Q9UBK5
HEG1	Q9ULI3
HELZ	P42694
HENMT1	Q5T8I9
HERC2	O95714
HERPUD1	Q15011
HFE	Q30201
HIF3A	Q9Y2N7
HINT1	P49773
HIP1R	O75146
HLA-A	P04439
HLA-E	P13747
HMGCS1	Q01581
HMOX1	P09601
HOMER3	Q9NSC5
HPS3	Q969F9
HRH1	P35367
HS6ST2	Q96MM7
HS6ST3	Q8IZP7
HSFX1	Q9UBD0
HSFX2	Q9UBD0
HSH2D	Q96JZ2
HSPB1	P04792
HSPG2	P98160
HTR1B	P28222
HTR7	P34969
HTRA1	Q92743
HUNK	P57058
HYCC1	Q9BYI3
HYDIN	Q4G0P3
HYI	Q5T013
HYLS1	Q96M11
ICAM1	P05362
ICAM2	P13598
ICOS	Q9Y6W8
ICOSLG	O75144
IFFO2	Q5TF58
IFIT5	Q13325
IFITM1	P13164
IFITM5	A6NNB3
IFNGR1	P15260
IFRD1	O00458
IGFL2	Q6UWQ7
IGFLR1	Q9H665
IGKV3-11	P04433
IGKV3-15	P01624
IGKV3-20	P01619
IGKV3-7	A0A075B6H7
IGKV3D-11	A0A0A0MRZ8
IGKV3D-15	A0A087WSY6
IGKV3D-20	A0A0C4DH25
IGKV3D-7	A0A0C4DH55
IGKV3OR2-268	
IKZF5	Q9H5V7
IL10RA	Q13651
IL11RA	Q14626
IL12RB1	P42701
IL12RB2	Q99665
IL13RA2	Q14627
IL15RA	Q13261
IL16	Q14005
IL17RB	Q9NRM6
IL1R1	P14778
IL1RL1	Q01638
IL21R	Q9HBE5
IL2RG	P31785
IL31RA	Q8NI17
IL36G	Q9NZH8
IL4R	P24394
IL6ST	P40189
IL7R	P16871
ILDR2	Q71H61
INPP5A	Q14642
INSR	P06213
INTS12	Q96CB8
INVS	Q9Y283
IPCEF1	Q8WWN9
IQGAP1	P46940
IQGAP2	Q13576
IRAG2	Q12912
IRS1	P35568
ISLR	O14498
ITGA2B	P08514
ITGA3	P26006
ITGA4	P13612
ITGA7	Q13683
ITGA8	P53708
ITGA9	Q13797
ITGAX	P20702
ITGB1	P05556
ITGB2	P05107
ITGB3	P05106
ITGB4	P16144
ITGB5	P18084
ITGB7	P26010
ITGB8	P26012
ITM2A	O43736
ITPKA	P23677
ITPRID2	P28290
ITSN1	Q15811
ITSN2	Q9NZM3
IYD	Q6PHW0
JAG1	P78504
JAK2	O60674
JAK3	P52333
JAM2	P57087
JAML	Q86YT9
JMJD4	Q9H9V9
JPT2	Q9H910
JUP	P14923
KANK1	Q14678
KANK3	Q6NY19
KANSL2	Q9H9L4
KARS1	Q15046
KATNB1	Q9BVA0
KATNIP	O60303
KCNA6	P17658
KCNA7	Q96RP8
KCNAB1	Q14722
KCNB2	Q92953
KCNE3	Q9Y6H6
KCNG4	Q8TDN1
KCNH8	Q96L42
KCNJ15	Q99712
KCNJ3	P48549
KCNK17	Q96T54
KCNK6	Q9Y257
KCNK7	Q9Y2U2
KCNK9	Q9NPC2
KCNN2	Q9H2S1
KCNN3	Q9UGI6
KCNN4	O15554
KCNQ1	P51787
KCNS3	Q9BQ31
KCNU1	A8MYU2
KCNV1	Q6PIU1
KDF1	Q8NAX2
KEL	P23276
KIAA1328	Q86T90
KIAA1522	Q9P206
KIAA1958	Q8N8K9
KIF12	
KIF17	Q9P2E2
KIF19	Q2TAC6
KIF21B	O75037
KIF26A	Q9ULI4
KIF26B	Q2KJY2
KIF3B	O15066
KISS1R	Q969F8
KIT	P10721
KLC1	Q07866
KLC2	Q9H0B6
KLF9	Q13886
KLHDC7B	Q96G42
KLHL41	O60662
KLHL6	Q8WZ60
KLHL7	Q8IXQ5
KLK7	P49862
KLRC1	P26715
KLRC2	P26717
KLRF1	Q9NZS2
KLRK1	P26718
KMT2D	O14686
KNDC1	Q76NI1
KNSTRN	Q9Y448
KNTC1	P50748
KPTN	Q9Y664
KRBOX5	Q7Z2F6
KRT75	O95678
KRT77	Q7Z794
KRTAP25-1	Q3LHN0
L1CAM	P32004
LAIR1	Q6GTX8
LAMA4	Q16363
LAMC1	P11047
LAMTOR1	Q6IAA8
LAPTM4A	Q15012
LASP1	Q14847
LAT	O43561
LAT2	Q9GZY6
LAX1	Q8IWV1
LCA5L	O95447
LCP1	P13796
LCTL	Q6UWM7
LDB2	O43679
LEMD1	Q68G75
LENG1	Q96BZ8
LEP	P41159
LGALS3	P17931
LGALS4	P56470
LGALS8	O00214
LGR6	Q9HBX8
LHCGR	P22888
LHFPL2	Q6ZUX7
LHX6	Q9UPM6
LILRA6	Q6PI73
LILRB3	O75022
LIMA1	Q9UHB6
LINGO1	Q96FE5
LIPI	Q6XZB0
LIPJ	Q5W064
LMCD1	Q9NZU5
LMOD2	Q6P5Q4
LMTK2	Q8IWU2
LNX2	Q8N448
LONRF1	Q17RB8
LONRF3	Q496Y0
LOXHD1	Q8IVV2
LPAR3	Q9UBY5
LPAR4	Q99677
LPIN1	Q14693
LPIN2	Q92539
LRCH2	Q5VUJ6
LRFN2	Q9ULH4
LRP11	Q86VZ4
LRP12	Q9Y561
LRRC15	Q8TF66
LRRC26	Q2I0M4
LRRC45	Q96CN5
LRRC69	Q6ZNQ3
LRRC7	
LRRC9	Q6ZRR7
LRRFIP2	Q9Y608
LRRIQ3	A6PVS8
LSMEM2	Q8N112
LSR	Q86X29
LST1	O00453
LTB4R2	Q9NPC1
LUZP2	Q86TE4
LY6K	Q17RY6
LY9	Q9HBG7
LYN	P07948
LYPD1	Q8N2G4
LYST	Q99698
LZTS1	Q9Y250
LZTS2	Q9BRK4
MACF1	Q9UPN3
MADD	Q8WXG6
MAMDC2	Q7Z304
MAP2	P11137
MAP2K1	Q02750
MAP2K7	O14733
MAP3K12	Q12852
MAP3K21	Q5TCX8
MAP3K6	O95382
MAP3K7	O43318
MAP4	P27816
MAP4K1	Q92918
MAP4K5	Q9Y4K4
MAP6	Q96JE9
MAPK8IP1	Q9UQF2
MAPK9	P45984
MAPT	P10636
MARCHF10	Q8NA82
MARCHF7	Q9H992
MARCKS	P29966
MARK2	Q7KZI7
MAS1L	P35410
MAT2B	Q9NZL9
MATCAP2	Q8NCT3
MBP	P02686
MC5R	P33032
MCAM	P43121
MCEMP1	Q8IX19
MCF2	P10911
MCTS1	Q9ULC4
MCTS2	A0A3B3IRV3
MDGA1	Q8NFP4
ME1	P48163
MEGF10	Q96KG7
MERTK	Q12866
MET	P08581
METAP1	P53582
METAP2	P50579
METTL25	Q8N6Q8
MFSD1	Q9H3U5
MFSD2A	Q8NA29
MGAT4C	Q9UBM8
MIB1	Q86YT6
MICAL2	O94851
MICAL3	Q7RTP6
MICB	Q29980
MIEN1	Q9BRT3
MISP	Q8IVT2
MKLN1	Q9UL63
MKRN3	Q13064
MLF2	Q15773
MLIP	Q5VWP3
MLKL	Q8NB16
MLNR	O43193
MMACHC	Q9Y4U1
MMP10	P09238
MMP15	P51511
MMP24	Q9Y5R2
MMP25	Q9NPA2
MPHOSPH8	Q99549
MPHOSPH9	Q99550
MPI	P34949
MPIG6B	O95866
MPL	P40238
MPP1	Q00013
MPZL1	O95297
MR1	Q95460
MRGPRF	Q96AM1
MRNIP	Q6NTE8
MRPL42	Q9Y6G3
MRPL44	Q9H9J2
MRPL58	Q14197
MS4A1	P11836
MS4A12	Q9NXJ0
MS4A14	Q96JA4
MS4A15	Q8N5U1
MSLN	Q13421
MSN	P26038
MSRA	Q9UJ68
MTCP1	P56278
MTM1	Q13496
MTPN	P58546
MTSS1	O43312
MUC1	P15941
MUC20	Q8N307
MYH11	P35749
MYH9	P35579
MYL4	P12829
MYLK	Q15746
MYO10	Q9HD67
MYO1B	O43795
MYO1C	O00159
MYO1E	Q12965
MYO1G	B0I1T2
MYO3A	Q8NEV4
MYO5B	Q9ULV0
MYO9A	B2RTY4
MYOF	Q9NZM1
N4BP2	Q86UW6
NAA35	Q5VZE5
NAB1	Q13506
NAIF1	Q69YI7
NAP1L2	Q9ULW6
NAPG	Q99747
NCAM1	P13591
NCAM2	O15394
NCK1	P16333
NCKAP1L	P55160
NCKAP5	O14513
NCKIPSD	Q9NZQ3
NCOA1	Q15788
NCS1	P62166
NDC1	Q9BTX1
NDRG4	Q9ULP0
NECTIN4	Q96NY8
NEDD9	Q14511
NEO1	Q92859
NEXN	Q0ZGT2
NF1	P21359
NF2	P35240
NFAM1	Q8NET5
NFE2L2	Q16236
NFKBID	Q8NI38
NFX1	Q12986
NGEF	Q8N5V2
NGFR	P08138
NHSL2	Q5HYW2
NIBAN1	Q9BZQ8
NIBAN2	Q96TA1
NID2	Q14112
NINJ2	Q9NZG7
NKTR	P30414
NKX2-8	O15522
NLGN1	Q8N2Q7
NLRC4	Q9NPP4
NLRX1	Q86UT6
NMB	P08949
NMBR	P28336
NME2	P22392
NMT1	P30419
NMT2	O60551
NMUR2	Q9GZQ4
NOS1	P29475
NOTCH2	Q04721
NOTCH3	Q9UM47
NOXRED1	Q6NXP6
NPAP1	Q9NZP6
NPFFR2	Q9Y5X5
NPL	Q9BXD5
NPR1	P16066
NPTN	Q9Y639
NPTXR	O95502
NRAS	P01111
NRCAM	Q92823
NRP2	O60462
NRSN1	Q8IZ57
NRXN1	"P58400, Q9ULB1"
NSD1	Q96L73
NSFL1C	Q9UNZ2
NT5C1B	Q96P26
NT5C1B-RDH14	
NT5E	P21589
NTNG1	Q9Y2I2
NTNG2	Q96CW9
NTRK2	Q16620
NTSR1	P30989
NUDCD3	Q8IVD9
NUP35	Q8NFH5
NUS1	Q96E22
OAS3	Q9Y6K5
OBSCN	Q5VST9
OCA2	Q04671
OCLN	Q16625
OCM	P0CE72
OCM2	P0CE71
ODC1	P11926
ODR4	Q5SWX8
OGT	O15294
OLFM4	Q6UX06
OLIG2	Q13516
OLR1	P78380
OPHN1	O60890
OPRK1	P41145
OR10P1	Q8NGE3
OR13C2	Q8NGS9
OR13C5	Q8NGS8
OR13C9	Q8NGT0
OR2C3	Q8N628
OR6B2	Q6IFH4
OR6B3	Q8NGW1
OR6C6	A6NF89
OSBPL6	Q9BZF3
OSBPL7	Q9BZF2
OSCAR	Q8IYS5
OSCP1	Q8WVF1
OSR2	Q8N2R0
OTOP2	Q7RTS6
OTULIN	Q96BN8
OXGR1	Q96P68
P3H3	Q8IVL6
PACS1	Q6VY07
PACSIN2	Q9UNF0
PACSIN3	Q9UKS6
PAFAH1B2	P68402
PAG1	Q9NWQ8
PAIP1	Q9H074
PAK1	Q13153
PAK4	O96013
PALLD	Q8WX93
PALM	O75781
PALM2AKAP2	"Q8IXS6, Q9Y2D5"
PALM3	A6NDB9
PALMD	Q9NP74
PALS1	Q8N3R9
PANX1	Q96RD7
PANX2	Q96RD6
PAQR8	Q8TEZ7
PARD3	Q8TEW0
PARD6G	Q9BYG4
PARP6	Q2NL67
PAWR	Q96IZ0
PCBD2	Q9H0N5
PCDH17	O14917
PCDH7	O60245
PCDHA1	Q9Y5I3
PCDHA12	Q9UN75
PCDHA4	Q9UN74
PCDHA5	Q9Y5H7
PCDHB1	Q9Y5F3
PCDHB11	Q9Y5F2
PCDHB12	Q9Y5F1
PCDHB16	Q9NRJ7
PCDHB4	Q9Y5E5
PCDHB5	Q9Y5E4
PCDHGA1	Q9Y5H4
PCDHGA10	Q9Y5H3
PCDHGA11	Q9Y5H2
PCDHGA12	O60330
PCDHGA2	Q9Y5H1
PCDHGA3	Q9Y5H0
PCDHGA4	Q9Y5G9
PCDHGA5	Q9Y5G8
PCDHGA6	Q9Y5G7
PCDHGA7	Q9Y5G6
PCDHGA8	Q9Y5G5
PCDHGA9	Q9Y5G4
PCDHGB1	Q9Y5G3
PCDHGB2	Q9Y5G2
PCDHGB3	Q9Y5G1
PCDHGB4	Q9UN71
PCDHGB5	Q9Y5G0
PCDHGB6	Q9Y5F9
PCDHGB7	Q9Y5F8
PCDHGC3	Q9UN70
PCDHGC4	Q9Y5F7
PCDHGC5	Q9Y5F6
PCLO	Q9Y6V0
PCMTD1	Q96MG8
PDAP1	Q13442
PDCD7	Q8N8D1
PDE3A	Q14432
PDE4A	P27815
PDE4D	Q08499
PDE9A	O76083
PDGFC	Q9NRA1
PDGFRA	P16234
PDHX	O00330
PDLIM1	O00151
PDLIM5	Q96HC4
PDPN	Q86YL7
PDZD2	O15018
PDZD8	Q8NEN9
PEBP1	P30086
PECAM1	P16284
PFDN1	O60925
PGAP3	Q96FM1
PGLYRP4	Q96LB8
PGRMC2	O15173
PHACTR1	Q9C0D0
PHACTR2	O75167
PHACTR4	Q8IZ21
PHF20L1	A8MW92
PHGDH	O43175
PHLDB1	Q86UU1
PHLDB2	Q86SQ0
PHLDB3	Q6NSJ2
PHOSPHO1	Q8TCT1
PHPT1	Q9NRX4
PI3	P19957
PI4K2A	Q9BTU6
PI4KA	P42356
PIEZO2	Q9H5I5
PIGB	Q92521
PIGN	O95427
PIGW	Q7Z7B1
PIGX	Q8TBF5
PIK3AP1	Q6ZUJ8
PIK3C2G	O75747
PIK3CG	P48736
PIK3R6	Q5UE93
PIP4K2A	P48426
PIP4K2C	Q8TBX8
PIP5K1A	Q99755
PIRT	P0C851
PITPNM3	Q9BZ71
PKD2L1	Q9P0L9
PKD2L2	Q9NZM6
PKN1	Q16512
PKN2	Q16513
PKP1	Q13835
PKP4	Q99569
PLA2G4D	Q86XP0
PLA2G6	O60733
PLAA	Q9Y263
PLAUR	Q03405
PLCB1	Q9NQ66
PLCB2	Q00722
PLCD3	Q8N3E9
PLCD4	Q9BRC7
PLD1	Q13393
PLEKHA4	Q9H4M7
PLEKHG3	A1L390
PLEKHH2	Q8IVE3
PLEKHO2	Q8TD55
PLIN4	Q96Q06
PLPP1	O14494
PLPP2	O43688
PLPPR5	Q32ZL2
PLS1	Q14651
PLS3	P13797
PLSCR1	O15162
PLVAP	Q9BX97
PLXNA3	P51805
PLXNA4	Q9HCM2
PNCK	Q6P2M8
PNISR	Q8TF01
PODXL	O00592
POLE	Q07864
POU2F3	Q9UKI9
PPEF1	O14829
PPFIBP1	Q86W92
PPIP5K1	Q6PFW1
PPL	O60437
PPM1A	P35813
PPM1F	P49593
PPP1CA	P62136
PPP1R12A	O14974
PPP1R12B	O60237
PPP1R16A	Q96I34
PPP1R16B	Q96T49
PPP1R18	Q6NYC8
PPP1R27	Q86WC6
PPP1R9A	Q9ULJ8
PPP2R1B	P30154
PPP3R1	P63098
PPP3R2	Q96LZ3
PPP4C	P60510
PPP6R3	Q5H9R7
PPTC7	Q8NI37
PRAME	P78395
PRC1	O43663
PRDX6	P30041
PRIMA1	Q86XR5
PRKCA	P17252
PRKCE	Q02156
PRKCH	P24723
PRKCZ	Q05513
PRKD1	Q15139
PRKD3	O94806
PROM2	Q8N271
PROSER2	Q86WR7
PRR32	B1ATL7
PRR7	Q8TB68
PRRC2A	P48634
PRRG1	O14668
PRRT2	Q7Z6L0
PRRT3	Q5FWE3
PRRT4	C9JH25
PRTG	Q2VWP7
PRX	Q9BXM0
PSCA	O43653
PSD	A5PKW4
PSD2	Q9BQI7
PSMC5	P62195
PSMC6	P62333
PSMD9	O00233
PSTPIP1	O43586
PSTPIP2	Q9H939
PTAFR	P25105
PTCH2	Q9Y6C5
PTCHD4	Q6ZW05
PTGDR	Q13258
PTK2B	Q14289
PTK6	Q13882
PTPN12	Q05209
PTPN22	Q9Y2R2
PTPN4	P29074
PTPRB	P23467
PTPRCAP	Q14761
PTPRG	P23470
PTPRH	Q9HD43
PTPRK	Q15262
PTPRM	P28827
PTPRR	Q15256
PTPRS	Q13332
PTX3	P26022
PURG	Q9UJV8
PVR	P15151
PXDC1	Q5TGL8
PXK	Q7Z7A4
PYGL	P06737
PYGO2	Q9BRQ0
RAB13	P51153
RAB23	Q9ULC3
RAB25	P57735
RAB26	Q9ULW5
RAB27B	O00194
RAB3GAP2	Q9H2M9
RAB41	Q5JT25
RAB43	Q86YS6
RAB8A	P61006
RAD52	P43351
RAET1G	Q6H3X3
RAET1L	Q5VY80
RAF1	P04049
RAI2	Q9Y5P3
RALA	P11233
RALBP1	Q15311
RALGAPA2	Q2PPJ7
RAMP3	O60896
RAPGEF2	Q9Y4G8
RAPH1	Q70E73
RAPSN	Q13702
RASAL1	O95294
RASAL2	Q9UJF2
RASAL3	Q86YV0
RASD1	Q9Y272
RASD2	Q96D21
RASGRP1	O95267
RASGRP2	Q7LDG7
RASGRP4	Q8TDF6
RASSF2	P50749
RASSF3	Q86WH2
RC3H1	Q5TC82
RCCD1	A6NED2
RCSD1	Q6JBY9
RDX	P35241
RECK	O95980
RELL1	Q8IUW5
REPS1	Q96D71
RET	P07949
RFLNB	Q8N5W9
RFPL1	O75677
RFPL2	O75678
RFPL3	O75679
RFTN2	Q52LD8
RGP1	Q92546
RGR	P47804
RGS14	O43566
RGS3	P49796
RGS7BP	Q6MZT1
RGS9BP	Q6ZS82
RHCE	P18577
RHD	Q02161
RHEX	Q6ZWK4
RHOA	P61586
RHOBTB2	Q9BYZ6
RHOJ	Q9H4E5
RHOXF2	Q9BQY4
RHOXF2B	P0C7M4
RIC8A	Q9NPQ8
RIC8B	Q9NVN3
RIF1	Q5UIP0
RIGI	O95786
RILPL1	Q5EBL4
RIMBP3	Q9UFD9
RIMBP3B	A6NNM3
RIMBP3C	A6NJZ7
RIMS2	Q9UQ26
RIOK2	Q9BVS4
RIOK3	O14730
RIPK1	Q13546
RND1	Q92730
RNF114	Q9Y508
RNF145	Q96MT1
RNF146	Q9NTX7
RNF149	Q8NC42
RNF165	Q6ZSG1
RNF166	Q96A37
RNF39	Q9H2S5
ROBO1	Q9Y6N7
ROBO2	Q9HCK4
ROBO3	Q96MS0
ROBO4	Q8WZ75
ROM1	Q03395
RP2	O75695
RPE	Q96AT9
RPEL1	Q2QD12
RPGRIP1L	Q68CZ1
RPIA	P49247
RPL36A	P83881
RPL36A-HNRNPH2	
RPL36AL	Q969Q0
RPSA	P08865
RRAD	P55042
RRP12	Q5JTH9
RSBN1L	Q6PCB5
RSKR	
RSPH3	
RTL3	Q8N8U3
RTL4	Q6ZR62
RTN4R	Q9BZR6
RTN4RL1	Q86UN2
RYR2	Q92736
S100A13	Q99584
S100A14	Q9HCY8
S100A16	Q96FQ6
S100A2	P29034
S100A3	P33764
S100A6	P06703
S100A9	P06702
SAMSN1	Q9NSI8
SASH3	O75995
SC5D	O75845
SCAMP4	Q969E2
SCEL	O95171
SCHIP1	P0DPB3
SCIN	Q9Y6U3
SCN1A	P35498
SCN5A	Q14524
SCN7A	Q01118
SCN8A	Q9UQD0
SCN9A	Q15858
SCNN1D	P51172
SCNN1G	P51170
SCRIB	Q14160
SCUBE3	Q8IX30
SDC2	P34741
SDC4	P31431
SDE2	Q6IQ49
SDHB	P21912
SEC16B	Q96JE7
SEMA3C	Q99985
SEMA6D	Q8NFY4
SEPTIN2	Q15019
SEPTIN3	Q9UH03
SEPTIN7	Q16181
SERINC2	Q96SA4
SERINC5	Q86VE9
SERPINB3	P29508
SERPINB4	P48594
SFSWAP	Q12872
SGCE	O43556
SH3BGR	P55822
SH3D21	A4FU49
SH3PXD2B	A1X283
SHANK1	Q9Y566
SHANK2	Q9UPX8
SHANK3	
SHARPIN	Q9H0F6
SHISA6	Q6ZSJ9
SHROOM2	Q13796
SHTN1	A0MZ66
SIGLEC10	Q96LC7
SIGLEC14	Q08ET2
SIGLEC6	O43699
SIGLEC7	Q9Y286
SIN3B	O75182
SIPA1	Q96FS4
SIPA1L1	O43166
SIPA1L3	O60292
SKAP1	Q86WV1
SLAMF6	Q96DU3
SLC10A5	Q5PT55
SLC12A2	P55011
SLC13A3	Q8WWT9
SLC13A5	Q86YT5
SLC14A1	Q13336
SLC16A1	P53985
SLC16A2	P36021
SLC16A3	O15427
SLC16A7	O60669
SLC17A5	Q9NRA2
SLC19A1	P41440
SLC19A3	Q9BZV2
SLC1A5	Q15758
SLC1A6	P48664
SLC20A1	Q8WUM9
SLC22A16	Q86VW1
SLC24A2	Q9UI40
SLC24A4	Q8NFF2
SLC26A6	Q9BXS9
SLC27A1	Q6PCB7
SLC28A1	O00337
SLC2A1	P11166
SLC2A12	Q8TD20
SLC2A14	Q8TDB8
SLC2A2	P11168
SLC2A3	P11169
SLC2A5	P22732
SLC30A1	Q9Y6M5
SLC30A8	Q8IWU4
SLC31A2	O15432
SLC34A1	Q06495
SLC34A2	O95436
SLC35F5	Q8WV83
SLC35G2	Q8TBE7
SLC36A4	Q6YBV0
SLC38A2	Q96QD8
SLC38A5	Q8WUX1
SLC38A6	Q8IZM9
SLC38A7	Q9NVC3
SLC39A10	Q9ULF5
SLC39A14	Q15043
SLC39A2	Q9NP94
SLC39A6	Q13433
SLC3A2	P08195
SLC40A1	Q9NP59
SLC41A3	Q96GZ6
SLC43A1	O75387
SLC43A3	Q8NBI5
SLC45A4	Q5BKX6
SLC46A1	Q96NT5
SLC46A3	Q7Z3Q1
SLC4A1AP	Q9BWU0
SLC4A2	P04920
SLC4A7	Q9Y6M7
SLC4A8	Q2Y0W8
SLC4A9	Q96Q91
SLC5A12	Q1EHB4
SLC5A3	P53794
SLC5A6	Q9Y289
SLC6A7	Q99884
SLC7A14	Q8TBB6
SLC7A2	P52569
SLC7A4	O43246
SLC7A5	Q01650
SLC7A6	Q92536
SLC8A1	P32418
SLC9A1	P19634
SLC9A3	P48764
SLC9A3R1	O14745
SLC9A3R2	Q15599
SLC9A4	Q6AI14
SLC9A5	Q14940
SLC9C2	Q5TAH2
SLCO1A2	P46721
SLCO1B1	Q9Y6L6
SLCO1B3	Q9NPD5
SLCO4C1	Q6ZQN7
SLCO5A1	Q9H2Y9
SLIT1	O75093
SLITRK6	Q9H5Y7
SMAGP	Q0VAQ4
SMAP1	Q8IYB5
SMCO3	A2RU48
SMG9	Q9H0W8
SMOC1	Q9H4F8
SMPD2	O60906
SMPX	Q9UHP9
SNAP23	O00161
SNAP25	P60880
SNRK	Q9NRH2
SNTB2	Q13425
SNTG2	Q9NY99
SNUPN	O95149
SNX15	Q9NRS6
SNX9	Q9Y5X1
SOCS3	O14543
SOCS5	O75159
SOD1	P00441
SORBS1	Q9BX66
SORBS3	O60504
SORCS1	Q8WY21
SORT1	Q99523
SOX11	P35716
SPAG16	Q8N0X2
SPANXN4	Q5MJ08
SPATA1	
SPATA12	Q7Z6I5
SPATC1L	Q9H0A9
SPG11	Q96JI7
SPHK1	Q9NYA1
SPINK13	Q1W4C9
SPINT1	O43278
SPINT2	O43291
SPN	P16150
SPPL2B	Q8TCT7
SPPL3	Q8TCT6
SPRED3	Q2MJR0
SPRYD3	Q8NCJ5
SPTBN2	O15020
SPTLC2	O15270
SRC	P12931
SRD5A3	Q9H8P0
SRPK1	Q96SB4
SRPRB	Q9Y5M8
SRRM3	
SSH1	Q8WYL5
SSH3	Q8TE77
SSTR5	P35346
ST8SIA5	O15466
STAB1	Q9NY15
STAC	Q99469
STAMBP	O95630
STAMBPL1	Q96FJ0
STARD4	Q96DR4
STAT2	P52630
STEAP4	Q687X5
STIP1	P31948
STK10	O94804
STK16	O75716
STK17A	Q9UEE5
STOM	P27105
STOML2	Q9UJZ1
STOML3	Q8TAV4
STX18	Q9P2W9
STX4	Q12846
STXBP4	Q6ZWJ1
STYK1	Q6J9G0
SUCLG1	P53597
SUCLG2	Q96I99
SUGT1	Q9Y2Z0
SUMF2	Q8NBJ7
SUN3	Q8TAQ9
SUPT6H	Q7KZ85
SUSD2	Q9UGT4
SVIL	O95425
SWAP70	Q9UH65
SYK	P43405
SYMPK	Q92797
SYNC	Q9H7C4
SYNGR3	O43761
SYNPO	Q8N3V7
SYPL2	Q5VXT5
SYT4	Q9H2B2
SYTL2	Q9HCH5
SYVN1	Q86TM6
TACC2	O95359
TACR2	P21452
TACSTD2	P09758
TAFAZZIN	Q16635
TAPBP	O15533
TAS1R3	Q7RTX0
TAS2R10	Q9NYW0
TASP1	Q9H6P5
TBC1D10A	Q9BXI6
TBC1D2	Q9BYX2
TBC1D24	Q9ULP9
TBC1D30	Q9Y2I9
TBC1D9B	Q66K14
TBXA2R	P21731
TCAF2	A6NFQ2
TCAF2C	
TCHP	Q9BT92
TCIM	Q9NR00
TDG	Q13569
TDO2	P48775
TDP1	Q9NUW8
TEC	P42680
TEK	Q02763
TEKT3	Q9BXF9
TEKTIP1	A6NCJ1
TENM1	Q9UKZ4
TENT4B	Q8NDF8
TES	Q9UGI8
TEX13C	A0A0J9YWL9
TEX14	Q8IWB6
TEX9	Q8N6V9
TGFBR1	P36897
TGFBR2	P37173
TGM1	P22735
TGM2	P21980
THBS1	P07996
THBS2	P35442
THEGL	P0DJG4
THY1	P04216
TICAM1	Q8IUC6
TIGD7	Q6NT04
TIMD4	Q96H15
TJP2	Q9UDY2
TJP3	O95049
TLN1	Q9Y490
TLR10	Q9BXR5
TLR4	O00206
TM2D2	Q9BX73
TM4SF18	Q96CE8
TM4SF20	Q53R12
TM4SF4	P48230
TM4SF5	O14894
TMC5	Q6UXY8
TMCO5A	Q8N6Q1
TMED8	Q6PL24
TMEM101	Q96IK0
TMEM107	Q6UX40
TMEM108	Q6UXF1
TMEM121B	Q9BXQ6
TMEM139	Q8IV31
TMEM176B	Q3YBM2
TMEM183A	Q8IXX5
TMEM218	A2RU14
TMEM222	Q9H0R3
TMEM229A	B2RXF0
TMEM245	Q9H330
TMEM254	Q8TBM7
TMEM258	P61165
TMEM266	Q2M3C6
TMEM268	Q5VZI3
TMEM40	Q8WWA1
TMEM50A	O95807
TMEM52	Q8NDY8
TMEM63B	Q5T3F8
TMPRSS13	Q9BYE2
TMPRSS15	P98073
TMPRSS2	O15393
TMTC2	Q8N394
TNFRSF10D	Q9UBN6
TNFRSF11A	Q9Y6Q6
TNFRSF12A	Q9NP84
TNFRSF21	O75509
TNFRSF25	Q93038
TNFRSF8	P28908
TNFRSF9	Q07011
TNFSF13B	Q9Y275
TNK2	Q07912
TNKS1BP1	Q9C0C2
TNNI2	P48788
TOGARAM2	Q6ZUX3
TOM1	O60784
TOR2A	"Q5JU69, Q8N2E6"
TPD52L1	Q16890
TPRG1L	Q5T0D9
TPRN	Q4KMQ1
TRAF7	Q6Q0C0
TRAIP	Q9BWF2
TRAPPC13	A5PLN9
TRAPPC14	Q8WVR3
TRAT1	Q6PIZ9
TRDN	Q13061
TREML1	Q86YW5
TREML4	Q6UXN2
TRIB1	Q96RU8
TRIM16	O95361
TRIM36	Q9NQ86
TRIM38	O00635
TRIM4	Q9C037
TRIM44	Q96DX7
TRIM54	Q9BYV2
TRIM71	Q2Q1W2
TRIML2	Q8N7C3
TRIP6	Q15654
TRMT1	Q9NXH9
TRMT10B	Q6PF06
TRMT13	Q9NUP7
TRPM1	Q7Z4N2
TRPM4	Q8TD43
TRPM7	Q96QT4
TRPV2	Q9Y5S1
TRPV3	Q8NET8
TSG101	Q99816
TSGA13	Q96PP4
TSHZ3	Q63HK5
TSPAN15	O95858
TSPAN16	Q9UKR8
TSPAN5	P62079
TSPO2	Q5TGU0
TTC17	Q96AE7
TTC7B	Q86TV6
TTLL12	Q14166
TTLL5	Q6EMB2
TTYH1	Q9H313
TULP3	O75386
TWF2	Q6IBS0
TXK	P42681
TXNDC11	Q6PKC3
TXNIP	Q9H3M7
TYROBP	O43914
TYW3	Q6IPR3
UAP1	Q16222
UBA3	Q8TBC4
UBA52	P62987
UBAC1	Q9BSL1
UBAP1	Q9NZ09
UBE2A	P49459
UBE2B	P63146
UBE2C	O00762
UBE2D1	P51668
UBE2D2	P62837
UBE2D3	P61077
UBE2D4	Q9Y2X8
UBE2K	P61086
UBE2QL1	A1L167
UBE2S	Q16763
UBE3C	Q15386
UBQLN2	Q9UHD9
UBR2	Q8IWV8
UBTD1	Q9HAC8
UCP3	P55916
ULBP1	Q9BZM6
ULBP2	Q9BZM5
UNC5A	Q6ZN44
UNC79	Q9P2D8
UQCC1	Q9NVA1
USP14	P54578
USP2	O75604
USP20	Q9Y2K6
USP21	Q9UK80
USP29	Q9HBJ7
USP4	Q13107
USP53	Q70EK8
UTP20	O75691
UTRN	P46939
VAMP5	O95183
VAMP8	Q9BV40
VANGL1	Q8TAA9
VASP	P50552
VCPIP1	Q96JH7
VIL1	P09327
VPS36	Q86VN1
VPS50	Q96JG6
VSIG4	Q9Y279
VTCN1	Q7Z7D3
VWA5B1	Q5TIE3
VWA7	Q9Y334
WAS	P42768
WASF2	Q9Y6W5
WBP4	O75554
WDFY3	Q8IZQ1
WDR1	O75083
WDR12	Q9GZL7
WDR13	Q9H1Z4
WDR53	Q7Z5U6
WDR6	Q9NNW5
WIPF1	O43516
WWP1	Q9H0M0
XAGE2	Q96GT9
XAGE3	Q8WTP9
XIAP	P98170
XIRP2	A4UGR9
XPC	Q01831
XPNPEP2	O43895
XPO6	Q96QU8
XRN1	Q8IZH2
XYLT1	Q86Y38
YBX1	P67809
YES1	P07947
YIPF1	Q9Y548
YIPF4	Q9BSR8
YOD1	Q5VVQ6
YTHDC1	Q96MU7
ZBED3	Q96IU2
ZBTB33	Q86T24
ZBTB8OS	Q8IWT0
ZDHHC2	Q9UIJ5
ZDHHC20	Q5W0Z9
ZDHHC22	Q8N966
ZDHHC5	Q9C0B5
ZFP41	Q8N8Y5
ZFP90	Q8TF47
ZFYVE28	Q9HCC9
ZGPAT	Q8N5A5
ZMYND10	O75800
ZNF10	P21506
ZNF18	P17022
ZNF185	O15231
ZNF2	Q9BSG1
ZNF227	Q86WZ6
ZNF229	Q9UJW7
ZNF276	Q8N554
ZNF277	Q9NRM2
ZNF337	Q9Y3M9
ZNF397	Q8NF99
ZNF407	Q9C0G0
ZNF474	Q6S9Z5
ZNF503	Q96F45
ZNF510	Q9Y2H8
ZNF571	Q7Z3V5
ZNF598	
ZNF599	Q96NL3
ZNF646	O15015
ZNF655	Q8N720
ZNF688	P0C7X2
ZNF706	Q9Y5V0
ZNF717	Q9BY31
ZNF783	Q6ZMS7
ZNF79	Q15937
ZNF839	A8K0R7
ZNG1A	Q9BRT8
ZNG1B	Q8IUF1
ZNG1C	Q5JTY5
ZNG1E	Q5RIA9
ZNG1F	Q4V339
ZSCAN22	P10073
ZSCAN29	Q8IWY8
ZSWIM1	Q9BR11
ZSWIM8	A7E2V4
ZYX	Q15942
